--liquibase formatted sql

--changeset Patrick Heidotting:1

ALTER TABLE `POLIS` MODIFY `SOORT` VARCHAR(2);

--changeset Patrick Heidotting:2

ALTER TABLE `POLIS_AUD` MODIFY `SOORT` VARCHAR(2);

ALTER TABLE `OPMERKING` ADD COLUMN TIJD datetime NOT NULL;
ALTER TABLE `OPMERKING_AUD` ADD COLUMN TIJD datetime NOT NULL;

--changeset Patrick Heidotting:3

ALTER TABLE `POLIS` ADD COLUMN POLISNUMMER VARCHAR(25) NOT NULL AFTER `INGANGSDATUM`;
ALTER TABLE `POLIS_AUD` ADD COLUMN POLISNUMMER VARCHAR(25) AFTER `INGANGSDATUM`;

--changeset Patrick Heidotting:4

ALTER TABLE `VERZEKERINGSMAATSCHAPPIJ` ADD COLUMN TONEN tinyint(1) NOT NULL DEFAULT '1' AFTER `NAAM`;
ALTER TABLE `VERZEKERINGSMAATSCHAPPIJ_AUD` ADD COLUMN TONEN tinyint(1) AFTER `NAAM`;

INSERT INTO `VERZEKERINGSMAATSCHAPPIJ` (`NAAM`) VALUES ('Achmea');
INSERT INTO `VERZEKERINGSMAATSCHAPPIJ` (`NAAM`) VALUES ('Aegon');
INSERT INTO `VERZEKERINGSMAATSCHAPPIJ` (`NAAM`) VALUES ('Agis');
INSERT INTO `VERZEKERINGSMAATSCHAPPIJ` (`NAAM`) VALUES ('Allianz Nederland');
INSERT INTO `VERZEKERINGSMAATSCHAPPIJ` (`NAAM`) VALUES ('AllSecur');
INSERT INTO `VERZEKERINGSMAATSCHAPPIJ` (`NAAM`) VALUES ('Amersfoortse (de)');
INSERT INTO `VERZEKERINGSMAATSCHAPPIJ` (`NAAM`) VALUES ('ASR Verzekeringen');
INSERT INTO `VERZEKERINGSMAATSCHAPPIJ` (`NAAM`) VALUES ('Avero Achmea');
INSERT INTO `VERZEKERINGSMAATSCHAPPIJ` (`NAAM`) VALUES ('Crisper');
INSERT INTO `VERZEKERINGSMAATSCHAPPIJ` (`NAAM`) VALUES ('Delta Lloyd');
INSERT INTO `VERZEKERINGSMAATSCHAPPIJ` (`NAAM`) VALUES ('Ditzo');
INSERT INTO `VERZEKERINGSMAATSCHAPPIJ` (`NAAM`) VALUES ('Generali');
INSERT INTO `VERZEKERINGSMAATSCHAPPIJ` (`NAAM`) VALUES ('Goudse (de)');
INSERT INTO `VERZEKERINGSMAATSCHAPPIJ` (`NAAM`) VALUES ('Kilometerverzekering (de)');
INSERT INTO `VERZEKERINGSMAATSCHAPPIJ` (`NAAM`) VALUES ('Klaverblad');
INSERT INTO `VERZEKERINGSMAATSCHAPPIJ` (`NAAM`) VALUES ('Kruidvat');
INSERT INTO `VERZEKERINGSMAATSCHAPPIJ` (`NAAM`) VALUES ('London Verzekeringen');
INSERT INTO `VERZEKERINGSMAATSCHAPPIJ` (`NAAM`) VALUES ('Nationale Nederlanden');
INSERT INTO `VERZEKERINGSMAATSCHAPPIJ` (`NAAM`) VALUES ('OHRA');
INSERT INTO `VERZEKERINGSMAATSCHAPPIJ` (`NAAM`) VALUES ('Polis Direct');
INSERT INTO `VERZEKERINGSMAATSCHAPPIJ` (`NAAM`) VALUES ('SNS Bank');
INSERT INTO `VERZEKERINGSMAATSCHAPPIJ` (`NAAM`) VALUES ('Turien & Co');
INSERT INTO `VERZEKERINGSMAATSCHAPPIJ` (`NAAM`) VALUES ('Unive');
INSERT INTO `VERZEKERINGSMAATSCHAPPIJ` (`NAAM`) VALUES ('Verzekeruzelf.nl');
INSERT INTO `VERZEKERINGSMAATSCHAPPIJ` (`NAAM`) VALUES ('Zelf.nl');

--changeset Patrick Heidotting:5

ALTER TABLE `POLIS_AUD` ADD COLUMN `KENTEKEN` varchar(10) DEFAULT NULL AFTER `OMSCHRIJVING`;
ALTER TABLE `POLIS_AUD` ADD COLUMN `SOORTAUTOVERZEKERING` varchar(10) DEFAULT NULL AFTER `KENTEKEN`;
ALTER TABLE `POLIS` ADD COLUMN OLDTIMER tinyint(1) AFTER `SOORTAUTOVERZEKERING`;
ALTER TABLE `POLIS_AUD` ADD COLUMN OLDTIMER tinyint(1) AFTER `SOORTAUTOVERZEKERING`;

--changeset Patrick Heidotting:6

INSERT INTO `GEBRUIKER` (`SOORT`, `ID`, `EMAILADRES`, `SALT`, `WACHTWOORD`, `ACHTERNAAM`, `VOORNAAM`) VALUES ('B', 1, 'patrick@lakedigital.nl', '374b2ed3c4f8c0ea4832dc036ef98134c141f3abfad3ad969774a780e5a756ced90f6b4249b3bf93a89b52820afa7a15dfe86bb76a99215ebaba4d80bd7dae33', '65c36a56c8a45e686424fa4c8342e546093b61d1acb4479a4a4cc763ad48f2b1ddcdf78b4f1e591027ecc13c346f93c64655f1c946da5487312605791d0fa5a1', 'Heidotting', 'Patrick');
INSERT INTO `GEBRUIKER_AUD` (`SOORT`, `ID`, `REV`, `REVTYPE`, `ACHTERNAAM`, `VOORNAAM`) VALUES ('B', 1, 1, 0, 'Heidotting', 'Patrick');
INSERT INTO `REVINFO` (`timestamp`, `userid`) VALUES (0, NULL);
INSERT INTO `VERZEKERINGSMAATSCHAPPIJ_AUD` (`ID`, `REV`, `REVTYPE`, `NAAM`, `TONEN`) VALUES ('1', '1', '0', 'Achmea', '1');
INSERT INTO `VERZEKERINGSMAATSCHAPPIJ_AUD` (`ID`, `REV`, `REVTYPE`, `NAAM`, `TONEN`) VALUES ('2', '1', '0', 'Aegon', '1');
INSERT INTO `VERZEKERINGSMAATSCHAPPIJ_AUD` (`ID`, `REV`, `REVTYPE`, `NAAM`, `TONEN`) VALUES ('3', '1', '0', 'Agis', '1');
INSERT INTO `VERZEKERINGSMAATSCHAPPIJ_AUD` (`ID`, `REV`, `REVTYPE`, `NAAM`, `TONEN`) VALUES ('4', '1', '0', 'Allianz Nederland', '1');
INSERT INTO `VERZEKERINGSMAATSCHAPPIJ_AUD` (`ID`, `REV`, `REVTYPE`, `NAAM`, `TONEN`) VALUES ('5', '1', '0', 'AllSecur', '1');
INSERT INTO `VERZEKERINGSMAATSCHAPPIJ_AUD` (`ID`, `REV`, `REVTYPE`, `NAAM`, `TONEN`) VALUES ('6', '1', '0', 'Amersfoortse (de)', '1');
INSERT INTO `VERZEKERINGSMAATSCHAPPIJ_AUD` (`ID`, `REV`, `REVTYPE`, `NAAM`, `TONEN`) VALUES ('7', '1', '0', 'ASR Verzekeringen', '1');
INSERT INTO `VERZEKERINGSMAATSCHAPPIJ_AUD` (`ID`, `REV`, `REVTYPE`, `NAAM`, `TONEN`) VALUES ('8', '1', '0', 'Avero Achmea', '1');
INSERT INTO `VERZEKERINGSMAATSCHAPPIJ_AUD` (`ID`, `REV`, `REVTYPE`, `NAAM`, `TONEN`) VALUES ('9', '1', '0', 'Crisper', '1');
INSERT INTO `VERZEKERINGSMAATSCHAPPIJ_AUD` (`ID`, `REV`, `REVTYPE`, `NAAM`, `TONEN`) VALUES ('10', '1', '0', 'Delta Lloyd', '1');
INSERT INTO `VERZEKERINGSMAATSCHAPPIJ_AUD` (`ID`, `REV`, `REVTYPE`, `NAAM`, `TONEN`) VALUES ('11', '1', '0', 'Ditzo', '1');
INSERT INTO `VERZEKERINGSMAATSCHAPPIJ_AUD` (`ID`, `REV`, `REVTYPE`, `NAAM`, `TONEN`) VALUES ('12', '1', '0', 'Generali', '1');
INSERT INTO `VERZEKERINGSMAATSCHAPPIJ_AUD` (`ID`, `REV`, `REVTYPE`, `NAAM`, `TONEN`) VALUES ('13', '1', '0', 'Goudse (de)', '1');
INSERT INTO `VERZEKERINGSMAATSCHAPPIJ_AUD` (`ID`, `REV`, `REVTYPE`, `NAAM`, `TONEN`) VALUES ('14', '1', '0', 'Kilometerverzekering (de)', '1');
INSERT INTO `VERZEKERINGSMAATSCHAPPIJ_AUD` (`ID`, `REV`, `REVTYPE`, `NAAM`, `TONEN`) VALUES ('15', '1', '0', 'Klaverblad', '1');
INSERT INTO `VERZEKERINGSMAATSCHAPPIJ_AUD` (`ID`, `REV`, `REVTYPE`, `NAAM`, `TONEN`) VALUES ('16', '1', '0', 'Kruidvat', '1');
INSERT INTO `VERZEKERINGSMAATSCHAPPIJ_AUD` (`ID`, `REV`, `REVTYPE`, `NAAM`, `TONEN`) VALUES ('17', '1', '0', 'London Verzekeringen', '1');
INSERT INTO `VERZEKERINGSMAATSCHAPPIJ_AUD` (`ID`, `REV`, `REVTYPE`, `NAAM`, `TONEN`) VALUES ('18', '1', '0', 'Nationale Nederlanden', '1');
INSERT INTO `VERZEKERINGSMAATSCHAPPIJ_AUD` (`ID`, `REV`, `REVTYPE`, `NAAM`, `TONEN`) VALUES ('19', '1', '0', 'OHRA', '1');
INSERT INTO `VERZEKERINGSMAATSCHAPPIJ_AUD` (`ID`, `REV`, `REVTYPE`, `NAAM`, `TONEN`) VALUES ('20', '1', '0', 'Polis Direct', '1');
INSERT INTO `VERZEKERINGSMAATSCHAPPIJ_AUD` (`ID`, `REV`, `REVTYPE`, `NAAM`, `TONEN`) VALUES ('21', '1', '0', 'SNS Bank', '1');
INSERT INTO `VERZEKERINGSMAATSCHAPPIJ_AUD` (`ID`, `REV`, `REVTYPE`, `NAAM`, `TONEN`) VALUES ('22', '1', '0', 'Turien & Co', '1');
INSERT INTO `VERZEKERINGSMAATSCHAPPIJ_AUD` (`ID`, `REV`, `REVTYPE`, `NAAM`, `TONEN`) VALUES ('23', '1', '0', 'Unive', '1');
INSERT INTO `VERZEKERINGSMAATSCHAPPIJ_AUD` (`ID`, `REV`, `REVTYPE`, `NAAM`, `TONEN`) VALUES ('24', '1', '0', 'Verzekeruzelf.nl', '1');
INSERT INTO `VERZEKERINGSMAATSCHAPPIJ_AUD` (`ID`, `REV`, `REVTYPE`, `NAAM`, `TONEN`) VALUES ('25', '1', '0', 'Zelf.nl', '1');

--changeset Patrick Heidotting:7

ALTER TABLE `POLIS` ADD COLUMN `PREMIE` double DEFAULT NULL AFTER `POLISNUMMER`;
ALTER TABLE `POLIS_AUD` ADD COLUMN `PREMIE` double DEFAULT NULL AFTER `POLISNUMMER`;
INSERT INTO `VERZEKERINGSMAATSCHAPPIJ` (`NAAM`) VALUES ('Unigarant');
INSERT INTO `VERZEKERINGSMAATSCHAPPIJ` (`NAAM`) VALUES ('Voogd en Voogd');
INSERT INTO `VERZEKERINGSMAATSCHAPPIJ` (`NAAM`) VALUES ('VKG');
INSERT INTO `VERZEKERINGSMAATSCHAPPIJ` (`NAAM`) VALUES ('DAS');
INSERT INTO `VERZEKERINGSMAATSCHAPPIJ` (`NAAM`) VALUES ('Europeesche');
INSERT INTO `VERZEKERINGSMAATSCHAPPIJ` (`NAAM`) VALUES ('Erasmus');
INSERT INTO `VERZEKERINGSMAATSCHAPPIJ` (`NAAM`) VALUES ('Monuta');
INSERT INTO `VERZEKERINGSMAATSCHAPPIJ` (`NAAM`) VALUES ('Onderlinge');
INSERT INTO `VERZEKERINGSMAATSCHAPPIJ` (`NAAM`) VALUES ('Reaal');
INSERT INTO `VERZEKERINGSMAATSCHAPPIJ_AUD` (`ID`, `REV`, `REVTYPE`, `NAAM`, `TONEN`) VALUES ('26', '1', '0', 'Unigarant', '1');
INSERT INTO `VERZEKERINGSMAATSCHAPPIJ_AUD` (`ID`, `REV`, `REVTYPE`, `NAAM`, `TONEN`) VALUES ('27', '1', '0', 'Voogd en Voogd', '1');
INSERT INTO `VERZEKERINGSMAATSCHAPPIJ_AUD` (`ID`, `REV`, `REVTYPE`, `NAAM`, `TONEN`) VALUES ('28', '1', '0', 'VKG', '1');
INSERT INTO `VERZEKERINGSMAATSCHAPPIJ_AUD` (`ID`, `REV`, `REVTYPE`, `NAAM`, `TONEN`) VALUES ('29', '1', '0', 'DAS', '1');
INSERT INTO `VERZEKERINGSMAATSCHAPPIJ_AUD` (`ID`, `REV`, `REVTYPE`, `NAAM`, `TONEN`) VALUES ('30', '1', '0', 'Europeesche', '1');
INSERT INTO `VERZEKERINGSMAATSCHAPPIJ_AUD` (`ID`, `REV`, `REVTYPE`, `NAAM`, `TONEN`) VALUES ('31', '1', '0', 'Europeesche', '1');
INSERT INTO `VERZEKERINGSMAATSCHAPPIJ_AUD` (`ID`, `REV`, `REVTYPE`, `NAAM`, `TONEN`) VALUES ('32', '1', '0', 'Monuta', '1');
INSERT INTO `VERZEKERINGSMAATSCHAPPIJ_AUD` (`ID`, `REV`, `REVTYPE`, `NAAM`, `TONEN`) VALUES ('33', '1', '0', 'Onderlinge', '1');
INSERT INTO `VERZEKERINGSMAATSCHAPPIJ_AUD` (`ID`, `REV`, `REVTYPE`, `NAAM`, `TONEN`) VALUES ('34', '1', '0', 'Reaal', '1');

--changeset Patrick Heidotting:8

ALTER TABLE `POLIS` DROP COLUMN `OMSCHRIJVING`;
ALTER TABLE `POLIS_AUD` DROP COLUMN `OMSCHRIJVING`;

--changeset Patrick Heidotting:9

ALTER TABLE `POLIS` ADD COLUMN`BEDRIJF` bigint(20) DEFAULT NULL AFTER `OLDTIMER`;
ALTER TABLE `POLIS_AUD` ADD COLUMN`BEDRIJF` bigint(20) DEFAULT NULL AFTER `OLDTIMER`;
ALTER TABLE `POLIS` ADD KEY `FK48C681741B2D649` (`BEDRIJF`);
CREATE TABLE `BEDRIJF` (
  `ID` bigint(20) NOT NULL AUTO_INCREMENT,
  `HUISNUMMER` bigint(20) DEFAULT NULL,
  `PLAATS` varchar(255) DEFAULT NULL,
  `POSTCODE` varchar(6) DEFAULT NULL,
  `STRAAT` varchar(255) DEFAULT NULL,
  `TOEVOEGING` varchar(255) DEFAULT NULL,
  `KVK` varchar(8) DEFAULT NULL,
  `NAAM` varchar(255) DEFAULT NULL,
  `RELATIE` bigint(20) DEFAULT NULL,
  PRIMARY KEY (`ID`),
  KEY `FK1CFE4994DF4C9431` (`RELATIE`)
) ENGINE=MyISAM  DEFAULT CHARSET=latin1 AUTO_INCREMENT=3 ;

CREATE TABLE `BEDRIJF_AUD` (
  `ID` bigint(20) NOT NULL,
  `REV` int(11) NOT NULL,
  `REVTYPE` tinyint(4) DEFAULT NULL,
  `HUISNUMMER` bigint(20) DEFAULT NULL,
  `PLAATS` varchar(255) DEFAULT NULL,
  `POSTCODE` varchar(6) DEFAULT NULL,
  `STRAAT` varchar(255) DEFAULT NULL,
  `TOEVOEGING` varchar(255) DEFAULT NULL,
  `KVK` varchar(8) DEFAULT NULL,
  `NAAM` varchar(255) DEFAULT NULL,
  `RELATIE` bigint(20) DEFAULT NULL,
  PRIMARY KEY (`ID`,`REV`),
  KEY `FK7B038D65D04A6114` (`REV`)
) ENGINE=MyISAM DEFAULT CHARSET=latin1;

--changeset Patrick Heidotting:10

ALTER TABLE `POLIS` ADD COLUMN `BETAALFREQUENTIE` varchar(1) DEFAULT NULL AFTER `ID`;
ALTER TABLE `POLIS_AUD` ADD COLUMN `BETAALFREQUENTIE` varchar(1) DEFAULT NULL AFTER `ID`;
ALTER TABLE `POLIS` ADD COLUMN `PROLONGATIEDATUM` date DEFAULT NULL AFTER `PREMIE`;
ALTER TABLE `POLIS_AUD` ADD COLUMN `PROLONGATIEDATUM` date DEFAULT NULL AFTER `PREMIE`;
ALTER TABLE `POLIS` ADD COLUMN `WIJZIGINGSDATUM` date DEFAULT NULL AFTER `PREMIE`;
ALTER TABLE `POLIS_AUD` ADD COLUMN `WIJZIGINGSDATUM` date DEFAULT NULL AFTER `PREMIE`;

--changeset Patrick Heidotting:11

INSERT INTO `KANTOOR` (`ID`, `HUISNUMMER`, `PLAATS`, `POSTCODE`, `STRAAT`, `TOEVOEGING`, `BTW_NUMMER`, `DATUMOPRICHTING`, `EMAILADRES`, `HUISNUMMER_FACTUUR`, `PLAATS_FACTUUR`, `POSTCODE_FACTUUR`, `STRAAT_FACTUUR`, `TOEVOEGING_FACTUUR`, `KVK`, `NAAM`, `RECHTSVORM`, `SOORTKANTOOR`) VALUES (NULL, '8', 'Emmen', '7827NH', 'Sierduif', NULL, '', '2014-05-09', 'info@dejongefinancieelconsult.nl', NULL, NULL, NULL, NULL, NULL, '04077584', 'De Jonge Financieel Consult', 'VOF', 'VZ');

--changeset Patrick Heidotting:12

DROP TABLE `BEDRIJF_AUD`;
DROP TABLE `BIJLAGE_AUD`;
DROP TABLE `GEBRUIKER_AUD`;
DROP TABLE `KANTOOR_AUD`;
DROP TABLE `ONDERLINGERELATIES_AUD`;
DROP TABLE `OPMERKING_AUD`;
DROP TABLE `POLIS_AUD`;
DROP TABLE `REKENINGNUMMER_AUD`;
DROP TABLE `SESSIE_AUD`;
DROP TABLE `TELEFOONNUMMER_AUD`;
DROP TABLE `VERZEKERINGSMAATSCHAPPIJ_AUD`;

--changeset Patrick Heidotting:13

ALTER TABLE `POLIS` DROP `KENTEKEN`;
ALTER TABLE `POLIS` DROP `SOORTAUTOVERZEKERING`;
ALTER TABLE `POLIS` DROP `OLDTIMER`;

--changeset Patrick Heidotting:14

ALTER TABLE `BIJLAGE` ADD COLUMN `SOORTBIJLAGE` varchar(50) DEFAULT NULL AFTER `BESTANDSNAAM`;

--changeset Patrick Heidotting:15

ALTER TABLE `BIJLAGE` ADD COLUMN `S3` varchar(255) DEFAULT NULL AFTER `BESTANDSNAAM`;

--changeset Patrick Heidotting:16

ALTER TABLE `BIJLAGE` DROP `BESTANDSNAAM`;

--changeset Patrick Heidotting:17

INSERT INTO `GEBRUIKER` (`SOORT`, `EMAILADRES`, `SALT`, `WACHTWOORD`, `ACHTERNAAM`, `TUSSENVOEGSEL`, `VOORNAAM`, `HUISNUMMER`, `PLAATS`, `POSTCODE`, `STRAAT`, `TOEVOEGING`, `BSN`, `BURGERLIJKESTAAT`, `GEBOORTEDATUM`, `GESLACHT`, `OVERLIJDENSDATUM`, `KANTOOR`) VALUES
('M', 'bene@dejongefinancieelconsult.nl', 'dc76872ef299759ac38e60d80184c4318c1f2350808e7a44c8a15ee8975008f408e3bf5d58857dc7ef3f692e9c64787d7adae2b41668397898f47803b778f0b7', '6f683ceb2bf2e91107cc2c7c74e8c5bb012f8bf6a9212750db29a8ec128b7004c67ae066e01b7a781cc0c02df722524edf51461e0a2a199cbea5020dd63cf627', 'Jonge', 'de', 'Bene', NULL, NULL, NULL, NULL, NULL, NULL, NULL, NULL, NULL, NULL, 1),
('M', 'gerben@dejongefinancieelconsult.nl', 'a9fb0bffd32af106a452b6c46333e534568dcef4f2bd2c423c0f2429494e10b4711261770102834f52c2f39bf340a0a13af1e0ce980a32bb0428b900048f4563', 'd8b4855835206891dc9a2138f9a5c60c181b713bcabd708933c1deef0880110ade7c67ff3f5e6b6ad2d650cea99f4147160eabd5096e4c4f771720ab2f2a5e90', 'Zwiers', NULL, 'Gerben', NULL, NULL, NULL, NULL, NULL, NULL, NULL, NULL, NULL, NULL, 1),
('M', 'karin@dejongefinancieelconsult.nl', 'a6150b15241f6055d9b90e3266a817baaa4cc87716f3b6020db70f56914e1cff70b4b5a68895fc97076888551eb7dd939092e62b82d29fa2e00dfff35a560b77', 'c499eeef1311f0c03c3d6b5ce83e31d93e8511cbb4166bbe43f556531de80ff11ff6a40001f4de234f828ab01a1524907978fde34dd06733745e38f1aa87ea64', 'Vooys', NULL, 'Karin', NULL, NULL, NULL, NULL, NULL, NULL, NULL, NULL, NULL, NULL, 1);

--changeset Patrick Heidotting:18
CREATE TABLE IF NOT EXISTS `SCHADE` (
  `ID` bigint(20) NOT NULL AUTO_INCREMENT,
  `DATUMAFGEHANDELD` date DEFAULT NULL,
  `DATUMTIJDMELDING` datetime NOT NULL,
  `DATUMTIJD` datetime NOT NULL,
  `EIGENRISICO` double DEFAULT NULL,
  `LOCATIE` varchar(50) DEFAULT NULL,
  `OMSCHRIJVING` longtext,
  `SCHADENUMMERMAATSCHAPPIJ` varchar(25) NOT NULL,
  `SCHADENUMMERTUSSENPERSOON` varchar(25) DEFAULT NULL,
  `POLIS` bigint(20) NOT NULL,
  `SOORT` bigint(20) NOT NULL,
  `STATUS` bigint(20) NOT NULL,
  PRIMARY KEY (`ID`),
  KEY `FK9174198AE10F3258` (`POLIS`),
  KEY `FK9174198ADC1B1675` (`SOORT`),
  KEY `FK9174198A459BBDCD` (`STATUS`)
) ENGINE=MyISAM DEFAULT CHARSET=latin1 AUTO_INCREMENT=1 ;

CREATE TABLE IF NOT EXISTS `SOORTSCHADE` (
  `ID` bigint(20) NOT NULL AUTO_INCREMENT,
  `INGEBRUIK` tinyint(1) DEFAULT NULL,
  `OMSCHRIJVING` varchar(250) NOT NULL,
  PRIMARY KEY (`ID`)
) ENGINE=MyISAM DEFAULT CHARSET=latin1 AUTO_INCREMENT=1 ;

CREATE TABLE IF NOT EXISTS `STATUSSCHADE` (
  `ID` bigint(20) NOT NULL AUTO_INCREMENT,
  `INGEBRUIK` tinyint(1) DEFAULT NULL,
  `STATUS` varchar(250) NOT NULL,
  PRIMARY KEY (`ID`)
) ENGINE=MyISAM DEFAULT CHARSET=latin1 AUTO_INCREMENT=1 ;

INSERT INTO `SOORTSCHADE` (`ID`, `INGEBRUIK`, `OMSCHRIJVING`) VALUES (NULL, '1', 'Aanrijding met wild');
INSERT INTO `SOORTSCHADE` (`ID`, `INGEBRUIK`, `OMSCHRIJVING`) VALUES (NULL, '1', 'Aanrijding schuldschade');
INSERT INTO `SOORTSCHADE` (`ID`, `INGEBRUIK`, `OMSCHRIJVING`) VALUES (NULL, '1', 'Aanrijding verhaalschade');
INSERT INTO `SOORTSCHADE` (`ID`, `INGEBRUIK`, `OMSCHRIJVING`) VALUES (NULL, '1', 'Aansprijkelijkheidschade');
INSERT INTO `SOORTSCHADE` (`ID`, `INGEBRUIK`, `OMSCHRIJVING`) VALUES (NULL, '1', 'Diefstalscahde');
INSERT INTO `SOORTSCHADE` (`ID`, `INGEBRUIK`, `OMSCHRIJVING`) VALUES (NULL, '1', 'Inbraad zonder braakschade');
INSERT INTO `SOORTSCHADE` (`ID`, `INGEBRUIK`, `OMSCHRIJVING`) VALUES (NULL, '1', 'Inbraad met braakschade');
INSERT INTO `SOORTSCHADE` (`ID`, `INGEBRUIK`, `OMSCHRIJVING`) VALUES (NULL, '1', 'Rechtsbijstanddekking soc/werk');
INSERT INTO `SOORTSCHADE` (`ID`, `INGEBRUIK`, `OMSCHRIJVING`) VALUES (NULL, '1', 'Ruitbreuk');
INSERT INTO `SOORTSCHADE` (`ID`, `INGEBRUIK`, `OMSCHRIJVING`) VALUES (NULL, '1', 'Stormschade');
INSERT INTO `SOORTSCHADE` (`ID`, `INGEBRUIK`, `OMSCHRIJVING`) VALUES (NULL, '1', 'Vandalismeschade');

INSERT INTO `STATUSSCHADE` (`ID`, `INGEBRUIK`, `STATUS`) VALUES (NULL, '1', 'In behandeling maatschappij');
INSERT INTO `STATUSSCHADE` (`ID`, `INGEBRUIK`, `STATUS`) VALUES (NULL, '1', 'Afgehandeld maatschappij');
INSERT INTO `STATUSSCHADE` (`ID`, `INGEBRUIK`, `STATUS`) VALUES (NULL, '1', 'In behandeling tussenpersoon');
INSERT INTO `STATUSSCHADE` (`ID`, `INGEBRUIK`, `STATUS`) VALUES (NULL, '1', 'Afgehandeld tussenpersoon');

--changeset Patrick Heidotting:19
DROP TABLE `OPMERKING`;
CREATE TABLE IF NOT EXISTS `OPMERKING` (
  `ID` bigint(20) NOT NULL AUTO_INCREMENT,
  `OPMERKING` text,
  `TIJD` datetime DEFAULT NULL,
  `KANTOOR` bigint(20) DEFAULT NULL,
  `POLIS` bigint(20) DEFAULT NULL,
  `RELATIE` bigint(20) DEFAULT NULL,
  `SCHADE` bigint(20) DEFAULT NULL,
  PRIMARY KEY (`ID`),
  KEY `FK9B213750ED5811CD` (`KANTOOR`),
  KEY `FK9B213750E10F3258` (`POLIS`),
  KEY `FK9B213750DF4C9431` (`RELATIE`),
  KEY `FK9B213750A491F7AB` (`SCHADE`),
  KEY `FK9B213750F9DD9013` (`SCHADE`)
) ENGINE=MyISAM DEFAULT CHARSET=latin1 AUTO_INCREMENT=1 ;

--changeset Patrick Heidotting:20
UPDATE  `SOORTSCHADE` SET  `OMSCHRIJVING` =  'Inbraak zonder braakschade' WHERE  `SOORTSCHADE`.`ID` =6;
UPDATE  `SOORTSCHADE` SET  `OMSCHRIJVING` =  'Inbraak met braakschade' WHERE  `SOORTSCHADE`.`ID` =7;
UPDATE  `SOORTSCHADE` SET  `OMSCHRIJVING` =  'Aansprakelijkheidschade' WHERE  `SOORTSCHADE`.`ID` =4;

--changeset Patrick Heidotting:21
ALTER TABLE `SCHADE` ADD COLUMN `SOORTSCHADEONGEDEFINIEERD` varchar(100) DEFAULT NULL AFTER `SOORT`;

--changeset Patrick Heidotting:22
ALTER TABLE  `SCHADE` CHANGE  `SOORT`  `SOORT` bigint(20) NULL DEFAULT NULL;

--changeset Patrick Heidotting:23
UPDATE  `SOORTSCHADE` SET  `OMSCHRIJVING` =  'Diefstalschade' WHERE  `SOORTSCHADE`.`ID` =5;

--changeset Patrick Heidotting:24
DROP TABLE `OPMERKING`;
CREATE TABLE IF NOT EXISTS `OPMERKING` (
  `ID` bigint(20) NOT NULL AUTO_INCREMENT,
  `OPMERKING` text,
  `TIJD` datetime DEFAULT NULL,
  `KANTOOR` bigint(20) DEFAULT NULL,
  `MEDEWERKER` bigint(20) NOT NULL,
  `POLIS` bigint(20) DEFAULT NULL,
  `RELATIE` bigint(20) DEFAULT NULL,
  `SCHADE` bigint(20) DEFAULT NULL,
  PRIMARY KEY (`ID`),
  KEY `FK9B213750ED5811CD` (`KANTOOR`),
  KEY `FK9B21375038AD3919` (`MEDEWERKER`),
  KEY `FK9B213750E10F3258` (`POLIS`),
  KEY `FK9B213750DF4C9431` (`RELATIE`),
  KEY `FK9B213750A491F7AB` (`SCHADE`),
  KEY `FK9B213750F9DD9013` (`SCHADE`)
) ENGINE=MyISAM DEFAULT CHARSET=latin1 AUTO_INCREMENT=1 ;

--changeset Patrick Heidotting:25
ALTER TABLE `BIJLAGE` ADD COLUMN `SCHADE` bigint(20) DEFAULT NULL AFTER `POLIS`;

--changeset Patrick Heidotting:26
SET SQL_MODE="NO_AUTO_VALUE_ON_ZERO";

CREATE TABLE `HYPOTHEEK` (
  `ID` bigint(20) NOT NULL AUTO_INCREMENT,
  `RENTE` double DEFAULT NULL,
  `DUUR` bigint(20) DEFAULT NULL,
  `DUURRENTEVASTEPERIODE` bigint(20) DEFAULT NULL,
  `EINDDATUM` date DEFAULT NULL,
  `EINDDATUMRENTEVASTEPERIODE` date DEFAULT NULL,
  `HYPOTHEEKBEDRAG` double DEFAULT NULL,
  `INGANGSDATUM` date DEFAULT NULL,
  `INGANGSDATUMRENTEVASTEPERIODE` date DEFAULT NULL,
  `KOOPSOM` double DEFAULT NULL,
  `MARKTWAARDE` double DEFAULT NULL,
  `OMSCHRIJVING` longtext NOT NULL,
  `ONDERPAND` double DEFAULT NULL,
  `TAXATIEDATUM` date DEFAULT NULL,
  `VRIJEVERKOOPWAARDE` double DEFAULT NULL,
  `WAARDENAVERBOUWING` double DEFAULT NULL,
  `WAARDEVOORVERBOUWING` double DEFAULT NULL,
  `WOZWAARDE` double DEFAULT NULL,
  `SOORT` bigint(20) DEFAULT NULL,
  `RELATIE` bigint(20) DEFAULT NULL,
  PRIMARY KEY (`ID`),
  KEY `FKE40AABE7EB463986` (`SOORT`),
  KEY `FKE40AABE7DF4C9431` (`RELATIE`)
) ENGINE=MyISAM  DEFAULT CHARSET=latin1 AUTO_INCREMENT=2 ;

CREATE TABLE `SOORTHYPOTHEEK` (
  `ID` bigint(20) NOT NULL AUTO_INCREMENT,
  `INGEBRUIK` tinyint(1) DEFAULT NULL,
  `OMSCHRIJVING` varchar(250) NOT NULL,
  PRIMARY KEY (`ID`)
) ENGINE=MyISAM  DEFAULT CHARSET=latin1 AUTO_INCREMENT=2 ;

--changeset Patrick Heidotting:27
INSERT INTO `SOORTHYPOTHEEK` (`INGEBRUIK`, `OMSCHRIJVING`) VALUES ('1', 'Annuiteiten');
INSERT INTO `SOORTHYPOTHEEK` (`INGEBRUIK`, `OMSCHRIJVING`) VALUES ('1', 'Lineair');
INSERT INTO `SOORTHYPOTHEEK` (`INGEBRUIK`, `OMSCHRIJVING`) VALUES ('1', 'Aflossingsvrij');
INSERT INTO `SOORTHYPOTHEEK` (`INGEBRUIK`, `OMSCHRIJVING`) VALUES ('1', 'Bankspaar');
INSERT INTO `SOORTHYPOTHEEK` (`INGEBRUIK`, `OMSCHRIJVING`) VALUES ('1', 'Spaar');
INSERT INTO `SOORTHYPOTHEEK` (`INGEBRUIK`, `OMSCHRIJVING`) VALUES ('1', 'Hybride');
INSERT INTO `SOORTHYPOTHEEK` (`INGEBRUIK`, `OMSCHRIJVING`) VALUES ('1', 'Levens');

--changeset Patrick Heidotting:28
ALTER TABLE  `HYPOTHEEK` CHANGE  `RENTE`  `RENTE` INT( 11 ) NULL DEFAULT NULL;

--changeset Patrick Heidotting:29
ALTER TABLE  `HYPOTHEEK` CHANGE  `SOORT`  `SOORT` BIGINT( 20 ) NOT NULL;
ALTER TABLE  `HYPOTHEEK` CHANGE  `OMSCHRIJVING`  `OMSCHRIJVING` LONGTEXT CHARACTER SET latin1 COLLATE latin1_swedish_ci NULL;

--changeset Patrick Heidotting:30
ALTER TABLE `OPMERKING` ADD COLUMN HYPOTHEEK bigint(20) DEFAULT NULL;

--changeset Patrick Heidotting:31
ALTER TABLE `BIJLAGE` ADD COLUMN HYPOTHEEK bigint(20) DEFAULT NULL;


--changeset Patrick Heidotting:33
ALTER TABLE `POLIS` ADD COLUMN EINDDATUM date DEFAULT NULL after `INGANGSDATUM`;

--changeset Patrick Heidotting:34
ALTER TABLE  `HYPOTHEEK` CHANGE  `ONDERPAND`  `ONDERPAND` VARCHAR( 255 ) CHARACTER SET latin1 COLLATE latin1_swedish_ci NULL DEFAULT NULL;
ALTER TABLE `HYPOTHEEK` ADD COLUMN LENINGNUMMER VARCHAR(50) DEFAULT NULL;
ALTER TABLE `HYPOTHEEK` ADD COLUMN BANK bigint(20) DEFAULT NULL;

SET SQL_MODE="NO_AUTO_VALUE_ON_ZERO";
CREATE TABLE IF NOT EXISTS `BANK` (
  `ID` bigint(20) NOT NULL AUTO_INCREMENT,
  `NAAM` varchar(50) DEFAULT NULL,
  `TONEN` tinyint(1) DEFAULT NULL,
  PRIMARY KEY (`ID`)
) ENGINE=MyISAM  DEFAULT CHARSET=latin1 AUTO_INCREMENT=3 ;

INSERT INTO `BANK` (`ID`, `NAAM`, `TONEN`) VALUES
(1, 'SNS', 1),
(2, 'ABN', 1);

--changeset Patrick Heidotting:35
CREATE TABLE `HYPOTHEEKPAKKET` (
  `ID` bigint(20) NOT NULL AUTO_INCREMENT,
  `RELATIE` bigint(20) DEFAULT NULL,
  PRIMARY KEY (`ID`),
  KEY `FK4618C627DF4C9431` (`RELATIE`)
) ENGINE=MyISAM  DEFAULT CHARSET=latin1 AUTO_INCREMENT=2 ;
ALTER TABLE `HYPOTHEEK` ADD COLUMN PAKKET bigint(20) DEFAULT NULL;

--changeset Patrick Heidotting:36
ALTER TABLE `HYPOTHEEK` ADD COLUMN `BOXI` double DEFAULT NULL;
ALTER TABLE `HYPOTHEEK` ADD COLUMN `BOXIII` double DEFAULT NULL;

--changeset Patrick Heidotting:37
DROP TABLE IF EXISTS QRTZ_FIRED_TRIGGERS;
DROP TABLE IF EXISTS QRTZ_PAUSED_TRIGGER_GRPS;
DROP TABLE IF EXISTS QRTZ_SCHEDULER_STATE;
DROP TABLE IF EXISTS QRTZ_LOCKS;
DROP TABLE IF EXISTS QRTZ_SIMPLE_TRIGGERS;
DROP TABLE IF EXISTS QRTZ_SIMPROP_TRIGGERS;
DROP TABLE IF EXISTS QRTZ_CRON_TRIGGERS;
DROP TABLE IF EXISTS QRTZ_BLOB_TRIGGERS;
DROP TABLE IF EXISTS QRTZ_TRIGGERS;
DROP TABLE IF EXISTS QRTZ_JOB_DETAILS;
DROP TABLE IF EXISTS QRTZ_CALENDARS;


CREATE TABLE QRTZ_JOB_DETAILS
  (
    SCHED_NAME VARCHAR(120) NOT NULL,
    JOB_NAME  VARCHAR(200) NOT NULL,
    JOB_GROUP VARCHAR(200) NOT NULL,
    DESCRIPTION VARCHAR(250) NULL,
    JOB_CLASS_NAME   VARCHAR(250) NOT NULL,
    IS_DURABLE VARCHAR(1) NOT NULL,
    IS_NONCONCURRENT VARCHAR(1) NOT NULL,
    IS_UPDATE_DATA VARCHAR(1) NOT NULL,
    REQUESTS_RECOVERY VARCHAR(1) NOT NULL,
    JOB_DATA BLOB NULL,
    PRIMARY KEY (SCHED_NAME,JOB_NAME,JOB_GROUP)
);

CREATE TABLE QRTZ_TRIGGERS
  (
    SCHED_NAME VARCHAR(120) NOT NULL,
    TRIGGER_NAME VARCHAR(200) NOT NULL,
    TRIGGER_GROUP VARCHAR(200) NOT NULL,
    JOB_NAME  VARCHAR(200) NOT NULL,
    JOB_GROUP VARCHAR(200) NOT NULL,
    DESCRIPTION VARCHAR(250) NULL,
    NEXT_FIRE_TIME BIGINT(13) NULL,
    PREV_FIRE_TIME BIGINT(13) NULL,
    PRIORITY INTEGER NULL,
    TRIGGER_STATE VARCHAR(16) NOT NULL,
    TRIGGER_TYPE VARCHAR(8) NOT NULL,
    START_TIME BIGINT(13) NOT NULL,
    END_TIME BIGINT(13) NULL,
    CALENDAR_NAME VARCHAR(200) NULL,
    MISFIRE_INSTR SMALLINT(2) NULL,
    JOB_DATA BLOB NULL,
    PRIMARY KEY (SCHED_NAME,TRIGGER_NAME,TRIGGER_GROUP),
    FOREIGN KEY (SCHED_NAME,JOB_NAME,JOB_GROUP)
        REFERENCES QRTZ_JOB_DETAILS(SCHED_NAME,JOB_NAME,JOB_GROUP)
);

CREATE TABLE QRTZ_SIMPLE_TRIGGERS
  (
    SCHED_NAME VARCHAR(120) NOT NULL,
    TRIGGER_NAME VARCHAR(200) NOT NULL,
    TRIGGER_GROUP VARCHAR(200) NOT NULL,
    REPEAT_COUNT BIGINT(7) NOT NULL,
    REPEAT_INTERVAL BIGINT(12) NOT NULL,
    TIMES_TRIGGERED BIGINT(10) NOT NULL,
    PRIMARY KEY (SCHED_NAME,TRIGGER_NAME,TRIGGER_GROUP),
    FOREIGN KEY (SCHED_NAME,TRIGGER_NAME,TRIGGER_GROUP)
        REFERENCES QRTZ_TRIGGERS(SCHED_NAME,TRIGGER_NAME,TRIGGER_GROUP)
);

CREATE TABLE QRTZ_CRON_TRIGGERS
  (
    SCHED_NAME VARCHAR(120) NOT NULL,
    TRIGGER_NAME VARCHAR(200) NOT NULL,
    TRIGGER_GROUP VARCHAR(200) NOT NULL,
    CRON_EXPRESSION VARCHAR(200) NOT NULL,
    TIME_ZONE_ID VARCHAR(80),
    PRIMARY KEY (SCHED_NAME,TRIGGER_NAME,TRIGGER_GROUP),
    FOREIGN KEY (SCHED_NAME,TRIGGER_NAME,TRIGGER_GROUP)
        REFERENCES QRTZ_TRIGGERS(SCHED_NAME,TRIGGER_NAME,TRIGGER_GROUP)
);

CREATE TABLE QRTZ_SIMPROP_TRIGGERS
  (          
    SCHED_NAME VARCHAR(120) NOT NULL,
    TRIGGER_NAME VARCHAR(200) NOT NULL,
    TRIGGER_GROUP VARCHAR(200) NOT NULL,
    STR_PROP_1 VARCHAR(512) NULL,
    STR_PROP_2 VARCHAR(512) NULL,
    STR_PROP_3 VARCHAR(512) NULL,
    INT_PROP_1 INT NULL,
    INT_PROP_2 INT NULL,
    LONG_PROP_1 BIGINT NULL,
    LONG_PROP_2 BIGINT NULL,
    DEC_PROP_1 NUMERIC(13,4) NULL,
    DEC_PROP_2 NUMERIC(13,4) NULL,
    BOOL_PROP_1 VARCHAR(1) NULL,
    BOOL_PROP_2 VARCHAR(1) NULL,
    PRIMARY KEY (SCHED_NAME,TRIGGER_NAME,TRIGGER_GROUP),
    FOREIGN KEY (SCHED_NAME,TRIGGER_NAME,TRIGGER_GROUP) 
    REFERENCES QRTZ_TRIGGERS(SCHED_NAME,TRIGGER_NAME,TRIGGER_GROUP)
);

CREATE TABLE QRTZ_BLOB_TRIGGERS
  (
    SCHED_NAME VARCHAR(120) NOT NULL,
    TRIGGER_NAME VARCHAR(200) NOT NULL,
    TRIGGER_GROUP VARCHAR(200) NOT NULL,
    BLOB_DATA BLOB NULL,
    PRIMARY KEY (SCHED_NAME,TRIGGER_NAME,TRIGGER_GROUP),
    FOREIGN KEY (SCHED_NAME,TRIGGER_NAME,TRIGGER_GROUP)
        REFERENCES QRTZ_TRIGGERS(SCHED_NAME,TRIGGER_NAME,TRIGGER_GROUP)
);

CREATE TABLE QRTZ_CALENDARS
  (
    SCHED_NAME VARCHAR(120) NOT NULL,
    CALENDAR_NAME  VARCHAR(200) NOT NULL,
    CALENDAR BLOB NOT NULL,
    PRIMARY KEY (SCHED_NAME,CALENDAR_NAME)
);

CREATE TABLE QRTZ_PAUSED_TRIGGER_GRPS
  (
    SCHED_NAME VARCHAR(120) NOT NULL,
    TRIGGER_GROUP  VARCHAR(200) NOT NULL, 
    PRIMARY KEY (SCHED_NAME,TRIGGER_GROUP)
);

CREATE TABLE QRTZ_FIRED_TRIGGERS
  (
    SCHED_NAME VARCHAR(120) NOT NULL,
    ENTRY_ID VARCHAR(95) NOT NULL,
    TRIGGER_NAME VARCHAR(200) NOT NULL,
    TRIGGER_GROUP VARCHAR(200) NOT NULL,
    INSTANCE_NAME VARCHAR(200) NOT NULL,
    FIRED_TIME BIGINT(13) NOT NULL,
    PRIORITY INTEGER NOT NULL,
    STATE VARCHAR(16) NOT NULL,
    JOB_NAME VARCHAR(200) NULL,
    JOB_GROUP VARCHAR(200) NULL,
    IS_NONCONCURRENT VARCHAR(1) NULL,
    REQUESTS_RECOVERY VARCHAR(1) NULL,
    PRIMARY KEY (SCHED_NAME,ENTRY_ID)
);

CREATE TABLE QRTZ_SCHEDULER_STATE
  (
    SCHED_NAME VARCHAR(120) NOT NULL,
    INSTANCE_NAME VARCHAR(200) NOT NULL,
    LAST_CHECKIN_TIME BIGINT(13) NOT NULL,
    CHECKIN_INTERVAL BIGINT(13) NOT NULL,
    PRIMARY KEY (SCHED_NAME,INSTANCE_NAME)
);

CREATE TABLE QRTZ_LOCKS
  (
    SCHED_NAME VARCHAR(120) NOT NULL,
    LOCK_NAME  VARCHAR(40) NOT NULL, 
    PRIMARY KEY (SCHED_NAME,LOCK_NAME)
);

--changeset Patrick Heidotting:38
ALTER TABLE QRTZ_FIRED_TRIGGERS ADD COLUMN SCHED_TIME BIGINT(13) NOT NULL; 

--changeset Patrick Heidotting:39

CREATE TABLE IF NOT EXISTS `LOGS` (
  `date` timestamp NOT NULL DEFAULT CURRENT_TIMESTAMP ON UPDATE CURRENT_TIMESTAMP,
  `host` varchar(100) NOT NULL,
  `application` varchar(100) NOT NULL,
  `thread` varchar(100) NOT NULL,
  `category` varchar(100) NOT NULL,
  `priority` varchar(50) NOT NULL,
  `message` varchar(1000) NOT NULL,
  `throwable` varchar(100) NOT NULL
) ENGINE=MyISAM DEFAULT CHARSET=latin1;

--changeset Patrick Heidotting:40

ALTER TABLE `HYPOTHEEK` MODIFY `BANK` VARCHAR(25);

--changeset Patrick Heidotting:41

DROP TABLE `BANK`;

--changeset Patrick Heidotting:42

CREATE TABLE IF NOT EXISTS `AANGIFTE` (
  `ID` bigint(20) NOT NULL AUTO_INCREMENT,
  `DATUMAFGEROND` date DEFAULT NULL,
  `JAAR` int(11) DEFAULT NULL,
  `UITSTELTOT` date DEFAULT NULL,
  `AFGERONDDOOR` bigint(20) DEFAULT NULL,
  `RELATIE` bigint(20) DEFAULT NULL,
  PRIMARY KEY (`ID`),
  KEY `FK57C635A76C4236F0` (`AFGERONDDOOR`),
  KEY `FK57C635A7DF4C9431` (`RELATIE`)
) ENGINE=MyISAM  DEFAULT CHARSET=latin1 AUTO_INCREMENT=1 ;
ALTER TABLE BIJLAGE ADD COLUMN AANGIFTE BIGINT(20) NOT NULL; 

--changeset Patrick Heidotting:43

ALTER TABLE `GEBRUIKER` ADD COLUMN `ROEPNAAM` varchar(255) DEFAULT NULL AFTER `VOORNAAM`;

--changeset Patrick Heidotting:44
SET SQL_MODE="NO_AUTO_VALUE_ON_ZERO";
CREATE TABLE IF NOT EXISTS `DIASGEBRUIKER` (
  `ID` bigint(20) NOT NULL AUTO_INCREMENT,
  `1_NAAM` varchar(30) DEFAULT NULL,
  `2_RELATIE_REGISTRATIENUMMER` int(4) DEFAULT NULL,
  `5_VOLLEDIGE_NAAM` varchar(41) DEFAULT NULL,
  `6_BURGER_SERVICE_NUMMER` varchar(11) DEFAULT NULL,
  `7_BURGERLIJKE_STAAT` varchar(26) DEFAULT NULL,
  `8_DATUM_OVERLIJDEN` varchar(9) DEFAULT NULL,
  `9_GEBOORTEDATUM` varchar(10) DEFAULT NULL,
  `10_GEBOORTELAND` varchar(9) DEFAULT NULL,
  `11_GEBOORTEPLAATS` varchar(21) DEFAULT NULL,
  `12_GESLACHT` varchar(5) DEFAULT NULL,
  `14_LEGITIMATIE` varchar(16) DEFAULT NULL,
  `15_LEGITIMATIEDATUM` varchar(10) DEFAULT NULL,
  `16_LEGITIMATIENUMMER` varchar(10) DEFAULT NULL,
  `17_LEGITIMATIEPLAATS` varchar(14) DEFAULT NULL,
  `18_NATIONALITEIT` varchar(11) DEFAULT NULL,
  `19_ROEPNAAM` varchar(13) DEFAULT NULL,
  `20_ROKER` varchar(1) DEFAULT NULL,
  `21_TITEL` varchar(4) DEFAULT NULL,
  `22_TITULATUUR` varchar(7) DEFAULT NULL,
  `23_AANSCHRIJFTITEL` varchar(7) DEFAULT NULL,
  `24_VOORLETTERS` varchar(10) DEFAULT NULL,
  `25_VOORNAMEN` varchar(26) DEFAULT NULL,
  `26_VOORVOEGSELS` varchar(10) DEFAULT NULL,
  PRIMARY KEY (`ID`)
) ENGINE=MyISAM  DEFAULT CHARSET=utf8 AUTO_INCREMENT=1 ;
CREATE TABLE IF NOT EXISTS `DIASTELEFOON` (
  `ID` bigint(20) NOT NULL AUTO_INCREMENT,
  `1_RELATIE_REGISTRATIENUMMER` int(4) DEFAULT NULL,
  `2_OMSCHRIJVING` varchar(39) DEFAULT NULL,
  `3_TELEFOONNUMMER` varchar(17) DEFAULT NULL,
  `4_TYPE_TELEFOON` varchar(8) DEFAULT NULL,
  PRIMARY KEY (`ID`)
) ENGINE=MyISAM DEFAULT CHARSET=utf8 AUTO_INCREMENT=1;
CREATE TABLE IF NOT EXISTS `DIASADRES` (
  `ID` bigint(20) NOT NULL AUTO_INCREMENT,
  `1_RELATIE_REGISTRATIENUMMER` int(4) DEFAULT NULL,
  `2_HUISNUMMER` int(5) DEFAULT NULL,
  `4_PLAATS` varchar(17) DEFAULT NULL,
  `5_POSTCODE` varchar(7) DEFAULT NULL,
  `6_STRAAT` varchar(31) DEFAULT NULL,
  `7_TOEVOEGING` varchar(2) DEFAULT NULL,
  PRIMARY KEY (`ID`)
) ENGINE=MyISAM DEFAULT CHARSET=utf8 AUTO_INCREMENT=1;
CREATE TABLE IF NOT EXISTS  `DIASBEDRIJF` (
  `ID` bigint(20) NOT NULL AUTO_INCREMENT,
`1_RELATIE_REGISTRATIENUMMER` INT( 4 ) ,
`2_RELATIEKENMERK` VARCHAR( 7 ) ,
`3_VOLLEDIGE_NAAM` VARCHAR( 34 ) ,
`4_KVK_NUMMER` VARCHAR( 11 ) ,
`5_RECHTSVORM` VARCHAR( 11 ) ,
  PRIMARY KEY (`ID`)
) ENGINE = MYISAM DEFAULT CHARACTER SET utf8 COLLATE utf8_general_ci AUTO_INCREMENT=1;

--changeset Patrick Heidotting:45
ALTER TABLE  `POLIS` ADD  `OMSCHRIJVING` TEXT NULL DEFAULT NULL AFTER  `MAATSCHAPPIJ`;

--changeset Patrick Heidotting:46
ALTER TABLE  `BIJLAGE` CHANGE  `AANGIFTE`  `AANGIFTE` BIGINT( 20 ) NULL DEFAULT NULL;

--changeset Patrick Heidotting:47
ALTER TABLE `POLIS` ADD COLUMN STATUS VARCHAR(3) NULL AFTER `ID`;

--changeset Patrick Heidotting:48
ALTER TABLE `BIJLAGE` ADD COLUMN OMSCHRIJVING VARCHAR(300) NULL AFTER `AANGIFTE`;

--changeset Patrick Heidotting:49
ALTER TABLE `POLIS` ADD COLUMN KENMERK VARCHAR(100) NULL AFTER `POLISNUMMER`;

--changeset Patrick Heidotting:50
ALTER TABLE `TELEFOONNUMMER` ADD COLUMN OMSCHRIJVING VARCHAR(2500) NULL AFTER `TELEFOONNUMMER`;

--changeset Patrick Heidotting:51
CREATE TABLE IF NOT EXISTS `ADRES` (
  `HUISNUMMER` bigint(20) DEFAULT NULL,
  `PLAATS` varchar(255) DEFAULT NULL,
  `POSTCODE` varchar(6) DEFAULT NULL,
  `STRAAT` varchar(255) DEFAULT NULL,
  `TOEVOEGING` varchar(255) DEFAULT NULL,
  `SOORT` varchar(255) DEFAULT NULL,
  `RELATIE` bigint(20) DEFAULT NULL,
  `BEDRIJF` bigint(20) DEFAULT NULL,
  `KANTOOR` bigint(20) DEFAULT NULL,
  KEY `FK48C6817DF4C9432` (`RELATIE`)
) ENGINE=MyISAM  DEFAULT CHARSET=latin1;# MySQL gaf een lege resultaat set terug (0 rijen).

--changeset Patrick Heidotting:52
INSERT INTO ADRES (SELECT  `HUISNUMMER`, `PLAATS`, `POSTCODE`, `STRAAT`, `TOEVOEGING`, 'POSTADRES' as soort, NULL as relatie, `ID` as `BEDRIJF`, NULL as kantoor  FROM `BEDRIJF` WHERE `HUISNUMMER` IS NOT NULL OR `PLAATS` IS NOT NULL OR `POSTCODE` IS NOT NULL OR `STRAAT` IS NOT NULL OR `TOEVOEGING` IS NOT NULL);

--changeset Patrick Heidotting:53
INSERT INTO ADRES (SELECT  `HUISNUMMER`, `PLAATS`, `POSTCODE`, `STRAAT`, `TOEVOEGING`, 'WOONADRES' as soort, `ID` as `RELATIE`, NULL as bedrijf, NULL as kantoor  FROM `GEBRUIKER` WHERE `HUISNUMMER` IS NOT NULL OR `PLAATS` IS NOT NULL OR `POSTCODE` IS NOT NULL OR `STRAAT` IS NOT NULL OR `TOEVOEGING` IS NOT NULL);

--changeset Patrick Heidotting:54
INSERT INTO ADRES (SELECT  `HUISNUMMER`, `PLAATS`, `POSTCODE`, `STRAAT`, `TOEVOEGING`, 'POSTADRES' as soort, NULL as `RELATIE`, NULL as bedrijf, `ID` as kantoor  FROM `KANTOOR` WHERE `HUISNUMMER` IS NOT NULL OR `PLAATS` IS NOT NULL OR `POSTCODE` IS NOT NULL OR `STRAAT` IS NOT NULL OR `TOEVOEGING` IS NOT NULL);

--changeset Patrick Heidotting:55
INSERT INTO ADRES (SELECT  `HUISNUMMER_FACTUUR`, `PLAATS_FACTUUR`, `POSTCODE_FACTUUR`, `STRAAT_FACTUUR`, `TOEVOEGING_FACTUUR`, 'FACTUURADRES' as soort, NULL as `RELATIE`, NULL as bedrijf, `ID` as kantoor  FROM `KANTOOR` WHERE `HUISNUMMER_FACTUUR` IS NOT NULL OR `PLAATS_FACTUUR` IS NOT NULL OR `POSTCODE_FACTUUR` IS NOT NULL OR `STRAAT_FACTUUR` IS NOT NULL OR `TOEVOEGING_FACTUUR` IS NOT NULL);

--changeset Patrick Heidotting:56
ALTER TABLE  `ADRES` ADD  `ID` BIGINT( 20 ) NOT NULL AUTO_INCREMENT PRIMARY KEY FIRST;

--changeset Patrick Heidotting:57
ALTER TABLE  `GEBRUIKER` DROP  `HUISNUMMER`;
ALTER TABLE  `GEBRUIKER` DROP  `PLAATS`;
ALTER TABLE  `GEBRUIKER` DROP  `POSTCODE`;
ALTER TABLE  `GEBRUIKER` DROP  `STRAAT`;
ALTER TABLE  `GEBRUIKER` DROP  `TOEVOEGING`;
ALTER TABLE  `BEDRIJF` DROP  `HUISNUMMER`;
ALTER TABLE  `BEDRIJF` DROP  `PLAATS`;
ALTER TABLE  `BEDRIJF` DROP  `POSTCODE`;
ALTER TABLE  `BEDRIJF` DROP  `STRAAT`;
ALTER TABLE  `BEDRIJF` DROP  `TOEVOEGING`;
ALTER TABLE  `KANTOOR` DROP  `HUISNUMMER`;
ALTER TABLE  `KANTOOR` DROP  `PLAATS`;
ALTER TABLE  `KANTOOR` DROP  `POSTCODE`;
ALTER TABLE  `KANTOOR` DROP  `STRAAT`;
ALTER TABLE  `KANTOOR` DROP  `TOEVOEGING`;
ALTER TABLE  `KANTOOR` DROP  `HUISNUMMER_FACTUUR`;
ALTER TABLE  `KANTOOR` DROP  `PLAATS_FACTUUR`;
ALTER TABLE  `KANTOOR` DROP  `POSTCODE_FACTUUR`;
ALTER TABLE  `KANTOOR` DROP  `STRAAT_FACTUUR`;
ALTER TABLE  `KANTOOR` DROP  `TOEVOEGING_FACTUUR`;

--changeset Patrick Heidotting:58
ALTER TABLE  `KANTOOR` ADD  `AFKORTING` varchar(10)  NULL;
ALTER TABLE  `GEBRUIKER` ADD  `GEBRUIKERSNAAM` varchar(100) NOT NULL;
UPDATE `KANTOOR` SET `AFKORTING` = 'DJFC' where `ID` = '1';
UPDATE `GEBRUIKER` SET `GEBRUIKERSNAAM` = 'djfc.bene', SALT = '31a8476536d3bab4a22f3ea42773ff71b1857a86eaa81f278a69df96aa76823ba3bea84344e8f2db759ba5e0f8b23b01be465b3dda3522df08f64dcc5a58b3b7', WACHTWOORD = 'dd935461a8851c7121f078714066b9ce0c71a1589a5fea1e30cf1a161178960d7cf3936e275ae6b1e94ace88dcf15e22736b8ffcf6ba6d70ea5980d0f90f06f4' where `EMAILADRES` = 'bene@dejongefinancieelconsult.nl';
UPDATE `GEBRUIKER` SET `GEBRUIKERSNAAM` = 'djfc.gerben', SALT = 'bd3d41ac728958406b008e4589292ed7c464049ce15dbfe6339730f11e3a0a4356daa6a9c2d0bfe6d3cdabc46866af8a873ffa32c14c9164605fd15c6eee6c6', WACHTWOORD = '926dc473149c3c330cbbbef751fb2494fab4f7c8f7c1b522d3f5623eb009f8164e86a57c66ae41de486aa5658498e624767d00c96cd381dd2e234843eb565650' where `EMAILADRES` = 'gerben@dejongefinancieelconsult.nl';
UPDATE `GEBRUIKER` SET `GEBRUIKERSNAAM` = 'djfc.karin', SALT = 'a5045a95247ee3163efddcdeff4b475ebfd416c88f41daba84b2666ffbd6bd2d1b782b9f29cfb997bc54dbe41dcf7d6972f2a6846ef2c0668d6d4b5d32fe59b9', WACHTWOORD = '894a8c3ce25d8fa4cbc822c80ae50663c1e9a9a45a1e9e9ed4deff76c58d5361733339376c0332d6bf652e67b2e83fb341c70a9f38c6dbc1f99158e6f21add6e' where `EMAILADRES` = 'karin@dejongefinancieelconsult.nl';

--changeset Patrick Heidotting:59
ALTER TABLE  `BIJLAGE` ADD  `BESTANDSNAAM` longtext NULL AFTER  `ID`;
ALTER TABLE  `BIJLAGE` ADD  `UPLOADMOMENT` datetime NOT NULL AFTER  `BESTANDSNAAM`;

--changeset Patrick Heidotting:60
ALTER TABLE `BIJLAGE` ADD COLUMN RELATIE bigint(20) DEFAULT NULL;

--changeset Patrick Heidotting:61
ALTER TABLE  `HYPOTHEEK` CHANGE  `SOORT`  `SOORT` BIGINT( 20 ) NULL;

--changeset Patrick Heidotting:62
ALTER TABLE  `SCHADE` CHANGE  `DATUMTIJDMELDING`  `DATUMTIJDMELDING` datetime NULL;
ALTER TABLE  `SCHADE` CHANGE  `DATUMTIJD`  `DATUMTIJD` datetime NULL;
ALTER TABLE  `SCHADE` CHANGE  `SCHADENUMMERMAATSCHAPPIJ`  `SCHADENUMMERMAATSCHAPPIJ` varchar(25) NULL;
ALTER TABLE  `SCHADE` CHANGE  `POLIS`  `POLIS` BIGINT( 20 ) NULL;
ALTER TABLE  `SCHADE` CHANGE  `STATUS`  `STATUS` BIGINT( 20 ) NULL;

--changeset Patrick Heidotting:63
ALTER TABLE  `POLIS` CHANGE  `POLISNUMMER`  `POLISNUMMER` varchar(25) NULL;
ALTER TABLE  `POLIS` CHANGE  `MAATSCHAPPIJ`  `MAATSCHAPPIJ` bigint(20) NULL;

--changeset Patrick Heidotting:64
ALTER TABLE  `GEBRUIKER` CHANGE  `GEBRUIKERSNAAM`  `GEBRUIKERSNAAM` varchar(100) NULL;

--changeset Patrick Heidotting:65
ALTER TABLE  `LOGS` CHANGE  `throwable`  `throwable` text CHARACTER SET latin1 COLLATE latin1_swedish_ci NOT NULL

--changeset Patrick Heidotting:66
UPDATE `BIJLAGE` SET `UPLOADMOMENT` = '2015-10-21 07:28:00' WHERE `BIJLAGE`.`ID` = 4;

--changeset Patrick Heidotting:66a
UPDATE `BIJLAGE` SET `UPLOADMOMENT` = '2015-10-21 07:28:00';

--changeset Patrick Heidotting:67
ALTER TABLE `OPMERKING` ADD COLUMN `BEDRIJF` bigint(20) DEFAULT NULL;

--changeset Patrick Heidotting:68
ALTER TABLE `OPMERKING` ADD COLUMN `AANGIFTE` bigint(20) DEFAULT NULL;

--changeset Patrick Heidotting:69
ALTER TABLE `POLIS` ADD COLUMN `DEKKING` varchar(250) DEFAULT NULL;

--changeset Patrick Heidotting:70
ALTER TABLE `POLIS` ADD COLUMN `VERZEKERDEZAAK` varchar(250) DEFAULT NULL;

--changeset Patrick Heidotting:71
ALTER TABLE `BIJLAGE` ADD COLUMN BEDRIJF bigint(20) DEFAULT NULL;

--changeset Patrick Heidotting:72
CREATE TABLE IF NOT EXISTS `JAARCIJFERS` (
  `ID` bigint(20) NOT NULL AUTO_INCREMENT,
  `BEDRIJF` bigint(20) DEFAULT NULL,
  `JAAR` bigint(4) DEFAULT NULL,
  PRIMARY KEY (`ID`)
) ENGINE=MyISAM  DEFAULT CHARSET=latin1;

--changeset Patrick Heidotting:73
ALTER TABLE `OPMERKING` ADD COLUMN JAARCIJFERS bigint(20) DEFAULT NULL;
ALTER TABLE `BIJLAGE` ADD COLUMN JAARCIJFERS bigint(20) DEFAULT NULL;

--changeset Patrick Heidotting:74
ALTER TABLE `OPMERKING` ADD COLUMN RISICOANALYSE bigint(20) DEFAULT NULL;
ALTER TABLE `BIJLAGE` ADD COLUMN RISICOANALYSE bigint(20) DEFAULT NULL;
CREATE TABLE IF NOT EXISTS `RISICOANALYSE` (
  `ID` bigint(20) NOT NULL AUTO_INCREMENT,
  `BEDRIJF` bigint(20) DEFAULT NULL,
  PRIMARY KEY (`ID`)
) ENGINE=MyISAM  DEFAULT CHARSET=latin1;

--changeset Patrick Heidotting:75
ALTER TABLE `BEDRIJF` ADD COLUMN RECHTSVORM varchar(200) DEFAULT NULL;
ALTER TABLE `BEDRIJF` ADD COLUMN EMAIL varchar(200) DEFAULT NULL;
ALTER TABLE `BEDRIJF` ADD COLUMN INTERNETADRES varchar(200) DEFAULT NULL;
ALTER TABLE `BEDRIJF` ADD COLUMN HOEDANIGHEID varchar(200) DEFAULT NULL;
ALTER TABLE `BEDRIJF` ADD COLUMN CAOVERPLICHTINGEN varchar(200) DEFAULT NULL;
ALTER TABLE `GEBRUIKER` ADD COLUMN BEDRIJF bigint(20) DEFAULT NULL;
ALTER TABLE `GEBRUIKER` ADD COLUMN FUNCTIE varchar(200) DEFAULT NULL;
ALTER TABLE `TELEFOONNUMMER` ADD COLUMN CONTACTPERSOON bigint(20) DEFAULT NULL;
DROP TABLE `LOGS`;

--changeset Patrick Heidotting:76
ALTER TABLE `TELEFOONNUMMER` ADD COLUMN BEDRIJFJ bigint(20) DEFAULT NULL;

--changeset Patrick Heidotting:77
ALTER TABLE  `TELEFOONNUMMER` CHANGE  `RELATIE`  `RELATIE` BIGINT( 20 ) NULL;

--changeset Patrick Heidotting:78
ALTER TABLE  `TELEFOONNUMMER` CHANGE  `TELEFOONNUMMER`  `TELEFOONNUMMER` VARCHAR( 11 ) CHARACTER SET latin1 COLLATE latin1_swedish_ci NULL DEFAULT NULL;

--changeset Patrick Heidotting:79
ALTER TABLE `BEDRIJF` DROP COLUMN `RELATIE`;

--changeset Patrick Heidotting:80
DROP TABLE `DIASGEBRUIKER`;
DROP TABLE `DIASTELEFOON`;
DROP TABLE `DIASADRES`;
DROP TABLE `DIASBEDRIJF`;

--changeset Patrick Heidotting:81
ALTER TABLE `BEDRIJF` ADD COLUMN `RELATIE` bigint(20);

--changeset Patrick Heidotting:82
UPDATE `REKENINGNUMMER` SET `REKENINGNUMMER` = REPLACE(`REKENINGNUMMER`, ' ', '');

--changeset Patrick Heidotting:83
ALTER TABLE  `REKENINGNUMMER` CHANGE  `REKENINGNUMMER`  `REKENINGNUMMER` VARCHAR( 18 ) CHARACTER SET latin1 COLLATE latin1_swedish_ci NULL DEFAULT NULL;

--changeset Patrick Heidotting:84
ALTER TABLE  `GEBRUIKER` CHANGE  `BSN`  `BSN` VARCHAR( 9 ) CHARACTER SET latin1 COLLATE latin1_swedish_ci NULL DEFAULT NULL;
ALTER TABLE  `REKENINGNUMMER` CHANGE  `BIC`  `BIC` VARCHAR( 11 ) CHARACTER SET latin1 COLLATE latin1_swedish_ci NULL DEFAULT NULL;

--changeset Patrick Heidotting:85
ALTER TABLE  `POLIS` CHANGE  `RELATIE`  `RELATIE` BIGINT( 20 ) NULL DEFAULT NULL;

--changeset Patrick Heidotting:88
ALTER TABLE `REKENINGNUMMER` ADD COLUMN `ENTITEITID` bigint(20);
ALTER TABLE `REKENINGNUMMER` ADD COLUMN `SOORTENTITEIT` varchar(20);
UPDATE REKENINGNUMMER SET ENTITEITID =  IFNULL(RELATIE,KANTOOR);
UPDATE REKENINGNUMMER SET SOORTENTITEIT = 'RELATIE' WHERE `RELATIE` IS NOT NULL;
UPDATE REKENINGNUMMER SET SOORTENTITEIT = 'KANTOOR' WHERE `KANTOOR` IS NOT NULL;
ALTER TABLE `REKENINGNUMMER`
  DROP `RELATIE`,
  DROP `KANTOOR`;

ALTER TABLE `OPMERKING` ADD COLUMN `ENTITEITID` bigint(20);
ALTER TABLE `OPMERKING` ADD COLUMN `SOORTENTITEIT` varchar(20);
UPDATE OPMERKING SET ENTITEITID = IFNULL(IFNULL(IFNULL(IFNULL(IFNULL(IFNULL(IFNULL(IFNULL(RELATIE,SCHADE),POLIS), HYPOTHEEK), AANGIFTE), BEDRIJF), JAARCIJFERS), RISICOANALYSE), KANTOOR);
UPDATE OPMERKING SET SOORTENTITEIT = 'RELATIE' WHERE `RELATIE` IS NOT NULL;
UPDATE OPMERKING SET SOORTENTITEIT = 'POLIS' WHERE `POLIS` IS NOT NULL;
UPDATE OPMERKING SET SOORTENTITEIT = 'SCHADE' WHERE `SCHADE` IS NOT NULL;
UPDATE OPMERKING SET SOORTENTITEIT = 'HYPOTHEEK' WHERE `HYPOTHEEK` IS NOT NULL;
UPDATE OPMERKING SET SOORTENTITEIT = 'AANGIFTE' WHERE `AANGIFTE` IS NOT NULL;
UPDATE OPMERKING SET SOORTENTITEIT = 'BEDRIJF' WHERE `BEDRIJF` IS NOT NULL;
UPDATE OPMERKING SET SOORTENTITEIT = 'JAARCIJFERS' WHERE `JAARCIJFERS` IS NOT NULL;
UPDATE OPMERKING SET SOORTENTITEIT = 'RISICOANALYSE' WHERE `RISICOANALYSE` IS NOT NULL;
UPDATE OPMERKING SET SOORTENTITEIT = 'KANTOOR' WHERE `KANTOOR` IS NOT NULL;
ALTER TABLE `OPMERKING`
  DROP `RELATIE`,
  DROP `POLIS`,
  DROP `KANTOOR`,
  DROP `SCHADE`,
  DROP `HYPOTHEEK`,
  DROP `AANGIFTE`,
  DROP `BEDRIJF`,
  DROP `JAARCIJFERS`,
  DROP `RISICOANALYSE`;

ALTER TABLE `BIJLAGE` ADD COLUMN `ENTITEITID` bigint(20);
ALTER TABLE `BIJLAGE` ADD COLUMN `SOORTENTITEIT` varchar(20);
UPDATE BIJLAGE SET ENTITEITID = IFNULL(IFNULL(IFNULL(IFNULL(IFNULL(IFNULL(IFNULL(RELATIE,SCHADE),POLIS), HYPOTHEEK), AANGIFTE), BEDRIJF), JAARCIJFERS), RISICOANALYSE);
UPDATE BIJLAGE SET SOORTENTITEIT = 'RELATIE' WHERE `RELATIE` IS NOT NULL;
UPDATE BIJLAGE SET SOORTENTITEIT = 'POLIS' WHERE `POLIS` IS NOT NULL;
UPDATE BIJLAGE SET SOORTENTITEIT = 'SCHADE' WHERE `SCHADE` IS NOT NULL;
UPDATE BIJLAGE SET SOORTENTITEIT = 'HYPOTHEEK' WHERE `HYPOTHEEK` IS NOT NULL;
UPDATE BIJLAGE SET SOORTENTITEIT = 'AANGIFTE' WHERE `AANGIFTE` IS NOT NULL;
UPDATE BIJLAGE SET SOORTENTITEIT = 'BEDRIJF' WHERE `BEDRIJF` IS NOT NULL;
UPDATE BIJLAGE SET SOORTENTITEIT = 'JAARCIJFERS' WHERE `JAARCIJFERS` IS NOT NULL;
UPDATE BIJLAGE SET SOORTENTITEIT = 'RISICOANALYSE' WHERE `RISICOANALYSE` IS NOT NULL;
ALTER TABLE `BIJLAGE`
  DROP `RELATIE`,
  DROP `POLIS`,
  DROP `SCHADE`,
  DROP `HYPOTHEEK`,
  DROP `AANGIFTE`,
  DROP `BEDRIJF`,
  DROP `JAARCIJFERS`,
  DROP `RISICOANALYSE`,
  DROP `SOORTBIJLAGE`;

ALTER TABLE `ADRES` ADD COLUMN `ENTITEITID` bigint(20);
ALTER TABLE `ADRES` ADD COLUMN `SOORTENTITEIT` varchar(20);
UPDATE ADRES SET ENTITEITID =  IFNULL(IFNULL(RELATIE,KANTOOR), BEDRIJF);
UPDATE ADRES SET SOORTENTITEIT = 'RELATIE' WHERE `RELATIE` IS NOT NULL;
UPDATE ADRES SET SOORTENTITEIT = 'BEDRIJF' WHERE `BEDRIJF` IS NOT NULL;
UPDATE ADRES SET SOORTENTITEIT = 'KANTOOR' WHERE `KANTOOR` IS NOT NULL;
ALTER TABLE `ADRES`
  DROP `RELATIE`,
  DROP `BEDRIJF`,
  DROP `KANTOOR`;


--changeset Patrick Heidotting:89
ALTER TABLE `REVINFO` ADD `TRACKANDTRACEID` VARCHAR(36) NOT NULL AFTER `userid`;

--changeset Patrick Heidotting:90
CREATE TABLE IF NOT EXISTS `GEBRUIKER_AUD` (
  `REV` bigint(20) NOT NULL,
  `REVTYPE` bigint(20) NOT NULL,
  `SOORT` varchar(1) NOT NULL,
  `ID` bigint(20) NOT NULL,
  `EMAILADRES` varchar(255) DEFAULT NULL,
  `SALT` varchar(255) DEFAULT NULL,
  `WACHTWOORD` varchar(255) DEFAULT NULL,
  `ACHTERNAAM` varchar(255) DEFAULT NULL,
  `TUSSENVOEGSEL` varchar(255) DEFAULT NULL,
  `VOORNAAM` varchar(255) DEFAULT NULL,
  `ROEPNAAM` varchar(255) DEFAULT NULL,
  `BSN` varchar(9) DEFAULT NULL,
  `BURGERLIJKESTAAT` varchar(1) DEFAULT NULL,
  `GEBOORTEDATUM` date DEFAULT NULL,
  `GESLACHT` varchar(1) DEFAULT NULL,
  `OVERLIJDENSDATUM` date DEFAULT NULL,
  `KANTOOR` bigint(20) DEFAULT NULL,
  `GEBRUIKERSNAAM` varchar(100) DEFAULT NULL,
  `BEDRIJF` bigint(20) DEFAULT NULL,
  `FUNCTIE` varchar(200) DEFAULT NULL
) ENGINE=MyISAM DEFAULT CHARSET=latin1;

--changeset Patrick Heidotting:91
CREATE TABLE IF NOT EXISTS `hibernate_sequence` (
  `next_val` bigint(20) NOT NULL
) ENGINE=MyISAM DEFAULT CHARSET=latin1;
INSERT INTO `hibernate_sequence` (`next_val`) VALUES (1);

--changeset Patrick Heidotting:92
CREATE TABLE IF NOT EXISTS `POLIS_AUD` (
  `REV` bigint(20) NOT NULL,
  `REVTYPE` bigint(20) NOT NULL,
  `SOORT` varchar(2) DEFAULT NULL,
  `ID` bigint(20) NOT NULL,
  `STATUS` varchar(3) DEFAULT NULL,
  `BETAALFREQUENTIE` varchar(1) DEFAULT NULL,
  `INGANGSDATUM` date DEFAULT NULL,
  `EINDDATUM` date DEFAULT NULL,
  `POLISNUMMER` varchar(25) DEFAULT NULL,
  `KENMERK` varchar(100) DEFAULT NULL,
  `PREMIE` double DEFAULT NULL,
  `WIJZIGINGSDATUM` date DEFAULT NULL,
  `PROLONGATIEDATUM` date DEFAULT NULL,
  `BEDRIJF` bigint(20) DEFAULT NULL,
  `MAATSCHAPPIJ` bigint(20) DEFAULT NULL,
  `OMSCHRIJVING` text,
  `RELATIE` bigint(20) DEFAULT NULL,
  `DEKKING` varchar(250) DEFAULT NULL,
  `VERZEKERDEZAAK` varchar(250) DEFAULT NULL
) ENGINE=MyISAM DEFAULT CHARSET=latin1;

--changeset Patrick Heidotting:93
CREATE TABLE IF NOT EXISTS `INKOMENDREQUEST` (
  `ID` bigint(20) NOT NULL,
  `TIJDSTIP` datetime NOT NULL,
  `HTTPREQUEST` text NOT NULL,
  `JSON` text NOT NULL,
  `URL` varchar(200) NOT NULL,
  `TRACKANDTRACEID` varchar(36) NOT NULL,
  `INGELOGDEGEBRUIKER` bigint(20) NOT NULL
) ENGINE=MyISAM DEFAULT CHARSET=latin1;

--changeset Patrick Heidotting:94
ALTER TABLE `INKOMENDREQUEST` MODIFY COLUMN `INGELOGDEGEBRUIKER` bigint(20) null;

--changeset Patrick Heidotting:95
ALTER TABLE `INKOMENDREQUEST` MODIFY COLUMN `TRACKANDTRACEID` varchar(36) null;

--changeset Patrick Heidotting:96
DROP TABLE IF EXISTS `INKOMENDREQUEST`;
CREATE TABLE IF NOT EXISTS `INKOMENDREQUEST` (
  `ID` bigint(20) NOT NULL AUTO_INCREMENT,
  `TIJDSTIP` datetime NOT NULL,
  `HTTPREQUEST` text NOT NULL,
  `JSON` text NULL,
  `URL` varchar(200) NOT NULL,
  `TRACKANDTRACEID` varchar(36) NULL,
  `INGELOGDEGEBRUIKER` bigint(20) NULL,
  PRIMARY KEY (`ID`)
) ENGINE=MyISAM  DEFAULT CHARSET=latin1 AUTO_INCREMENT=1;

--changeset Patrick Heidotting:97
CREATE TABLE IF NOT EXISTS `BEDRIJF_AUD` (
  `REV` bigint(20) NOT NULL,
  `REVTYPE` bigint(20) NOT NULL,
  `ID` bigint(20) NOT NULL,
  `KVK` varchar(8) DEFAULT NULL,
  `NAAM` varchar(255) DEFAULT NULL,
  `RECHTSVORM` varchar(200) DEFAULT NULL,
  `EMAIL` varchar(200) DEFAULT NULL,
  `INTERNETADRES` varchar(200) DEFAULT NULL,
  `HOEDANIGHEID` varchar(200) DEFAULT NULL,
  `CAOVERPLICHTINGEN` varchar(200) DEFAULT NULL,
  `RELATIE` bigint(20) DEFAULT NULL
) ENGINE=MyISAM AUTO_INCREMENT=3 DEFAULT CHARSET=latin1;

--changeset Patrick Heidotting:98
CREATE TABLE IF NOT EXISTS `SCHADE_AUD` (
  `REV` bigint(20) NOT NULL,
  `REVTYPE` bigint(20) NOT NULL,
  `ID` bigint(20) NOT NULL,
  `DATUMAFGEHANDELD` date DEFAULT NULL,
  `DATUMTIJDMELDING` datetime DEFAULT NULL,
  `DATUMTIJD` datetime DEFAULT NULL,
  `EIGENRISICO` double DEFAULT NULL,
  `LOCATIE` varchar(50) DEFAULT NULL,
  `OMSCHRIJVING` longtext,
  `SCHADENUMMERMAATSCHAPPIJ` varchar(25) DEFAULT NULL,
  `SCHADENUMMERTUSSENPERSOON` varchar(25) DEFAULT NULL,
  `POLIS` bigint(20) DEFAULT NULL,
  `SOORT` bigint(20) DEFAULT NULL,
  `SOORTSCHADEONGEDEFINIEERD` varchar(100) DEFAULT NULL,
  `STATUS` bigint(20) DEFAULT NULL
) ENGINE=MyISAM DEFAULT CHARSET=latin1;
CREATE TABLE IF NOT EXISTS `HYPOTHEEK_AUD` (
  `REV` bigint(20) NOT NULL,
  `REVTYPE` bigint(20) NOT NULL,
  `ID` bigint(20) NOT NULL,
  `RENTE` int(11) DEFAULT NULL,
  `DUUR` bigint(20) DEFAULT NULL,
  `DUURRENTEVASTEPERIODE` bigint(20) DEFAULT NULL,
  `EINDDATUM` date DEFAULT NULL,
  `EINDDATUMRENTEVASTEPERIODE` date DEFAULT NULL,
  `HYPOTHEEKBEDRAG` double DEFAULT NULL,
  `INGANGSDATUM` date DEFAULT NULL,
  `INGANGSDATUMRENTEVASTEPERIODE` date DEFAULT NULL,
  `KOOPSOM` double DEFAULT NULL,
  `MARKTWAARDE` double DEFAULT NULL,
  `OMSCHRIJVING` longtext,
  `ONDERPAND` varchar(255) DEFAULT NULL,
  `TAXATIEDATUM` date DEFAULT NULL,
  `VRIJEVERKOOPWAARDE` double DEFAULT NULL,
  `WAARDENAVERBOUWING` double DEFAULT NULL,
  `WAARDEVOORVERBOUWING` double DEFAULT NULL,
  `WOZWAARDE` double DEFAULT NULL,
  `SOORT` bigint(20) DEFAULT NULL,
  `RELATIE` bigint(20) DEFAULT NULL,
  `LENINGNUMMER` varchar(50) DEFAULT NULL,
  `BANK` varchar(25) DEFAULT NULL,
  `PAKKET` bigint(20) DEFAULT NULL,
  `BOXI` double DEFAULT NULL,
  `BOXIII` double DEFAULT NULL
) ENGINE=MyISAM DEFAULT CHARSET=latin1;
CREATE TABLE IF NOT EXISTS `HYPOTHEEKPAKKET_AUD` (
  `REV` bigint(20) NOT NULL,
  `REVTYPE` bigint(20) NOT NULL,
  `ID` bigint(20) NOT NULL,
  `RELATIE` bigint(20) DEFAULT NULL
) ENGINE=MyISAM AUTO_INCREMENT=2 DEFAULT CHARSET=latin1;
CREATE TABLE IF NOT EXISTS `STATUSSCHADE_AUD` (
  `REV` bigint(20) NOT NULL,
  `REVTYPE` bigint(20) NOT NULL,
  `ID` bigint(20) NOT NULL,
  `INGEBRUIK` tinyint(1) DEFAULT NULL,
  `STATUS` varchar(250) NOT NULL
) ENGINE=MyISAM AUTO_INCREMENT=5 DEFAULT CHARSET=latin1;

--changeset Patrick Heidotting:99
TRUNCATE TABLE `REVINFO`;

--changeset Patrick Heidotting:100
ALTER TABLE `TELEFOONNUMMER` ADD COLUMN `ENTITEITID` bigint(20);
ALTER TABLE `TELEFOONNUMMER` ADD COLUMN `SOORTENTITEIT` varchar(20);
UPDATE TELEFOONNUMMER SET ENTITEITID =  IFNULL(IFNULL(RELATIE,CONTACTPERSOON),BEDRIJFJ);
UPDATE TELEFOONNUMMER SET SOORTENTITEIT = 'RELATIE' WHERE `RELATIE` IS NOT NULL;
UPDATE TELEFOONNUMMER SET SOORTENTITEIT = 'CONTACTPERSOON' WHERE `CONTACTPERSOON` IS NOT NULL;
ALTER TABLE `TELEFOONNUMMER`
  DROP `RELATIE`,
  DROP `BEDRIJFJ`,
  DROP `CONTACTPERSOON`;

--changeset Patrick Heidotting:101
DROP TABLE `ADRES`;
DROP TABLE `BIJLAGE`;
DROP TABLE `OPMERKING`;
DROP TABLE `REKENINGNUMMER`;
DROP TABLE `TELEFOONNUMMER`;

--changeset Patrick Heidotting:102
ALTER TABLE `GEBRUIKER` ADD COLUMN `OAUTHTODOIST` VARCHAR(50);

--changeset Patrick Heidotting:103
ALTER TABLE  `INKOMENDREQUEST` CHANGE  `URL`  `URL` text NULL DEFAULT NULL;

--changeset Patrick Heidotting:104
DROP TABLE IF EXISTS QRTZ_FIRED_TRIGGERS;
DROP TABLE IF EXISTS QRTZ_PAUSED_TRIGGER_GRPS;
DROP TABLE IF EXISTS QRTZ_SCHEDULER_STATE;
DROP TABLE IF EXISTS QRTZ_LOCKS;
DROP TABLE IF EXISTS QRTZ_SIMPLE_TRIGGERS;
DROP TABLE IF EXISTS QRTZ_SIMPROP_TRIGGERS;
DROP TABLE IF EXISTS QRTZ_CRON_TRIGGERS;
DROP TABLE IF EXISTS QRTZ_BLOB_TRIGGERS;
DROP TABLE IF EXISTS QRTZ_TRIGGERS;
DROP TABLE IF EXISTS QRTZ_JOB_DETAILS;
DROP TABLE IF EXISTS QRTZ_CALENDARS;

--changeset Patrick Heidotting:105
DROP TABLE `SESSIE`;

--changeset Patrick Heidotting:106
INSERT INTO GEBRUIKER (SOORT, EMAILADRES, SALT, WACHTWOORD, ACHTERNAAM, TUSSENVOEGSEL, VOORNAAM, ROEPNAAM, BSN, BURGERLIJKESTAAT, GEBOORTEDATUM, GESLACHT, OVERLIJDENSDATUM, KANTOOR, GEBRUIKERSNAAM, BEDRIJF, FUNCTIE, OAUTHTODOIST)
VALUES('M', NULL, '101946e39ccac9e1a85070f5c63328c779e19b7c3e68953432f31f716dfac56cb1ae0dc3432e15eb56f04bf74d109ddeee3062dc5459a2eb909d89d382c9d09b', '4d7847c896b9d5a51d65fd67441ca6e7f387cec638ffb10d8a72ad42404f623a5a8cf89976fa6c5cd915fa3fbe60d319a2f161cc46d2abd8adaf7c99e7ab4d3e', 'Lisa', NULL, 'Wolken', NULL, NULL, NULL, NULL, NULL, NULL, 1, 'djfc.lisa', NULL, NULL, NULL);
INSERT INTO GEBRUIKER (SOORT, EMAILADRES, SALT, WACHTWOORD, ACHTERNAAM, TUSSENVOEGSEL, VOORNAAM, ROEPNAAM, BSN, BURGERLIJKESTAAT, GEBOORTEDATUM, GESLACHT, OVERLIJDENSDATUM, KANTOOR, GEBRUIKERSNAAM, BEDRIJF, FUNCTIE, OAUTHTODOIST)
VALUES('M', NULL, '8e0de3c6615d32b6393f03f15023549855e11baff08d9c03074c3b76ee8b89550ab927560cb58d787b462395e57f97e9f76688b4f27096b1d586e40684c121fa', '1c33d39136703b4e8e0d0a5c11c61a15b3f7d2b6b95822b53400debf7f3fa6e157b72663270fabd4603dddbbf6291e245e21f19f5fbfbb13091f740fc21a31d2', 'Rianne', NULL, 'Sollie', NULL, NULL, NULL, NULL, NULL, NULL, 1, 'djfc.rianne', NULL, NULL, NULL);
INSERT INTO GEBRUIKER (SOORT, EMAILADRES, SALT, WACHTWOORD, ACHTERNAAM, TUSSENVOEGSEL, VOORNAAM, ROEPNAAM, BSN, BURGERLIJKESTAAT, GEBOORTEDATUM, GESLACHT, OVERLIJDENSDATUM, KANTOOR, GEBRUIKERSNAAM, BEDRIJF, FUNCTIE, OAUTHTODOIST)
VALUES('M', NULL, 'b95ca2a261b4f5ac7aaf44e6ff9ba7f8e6e39049b66a22bb8381682dbf6f6e381b088070c36c9ab2f4ef0a2d107be50a8a1d90bb0f7865ca4df6618836d205cc', '480353c281008f79c984fb25ab9d4d2a14ac8e9754aa5471695415c4b4bf9c662bd245655fdd589ac9af9a3a3dbfc0f8be0178a7f8669ba42e676c84cb893c80', 'Patrick', NULL, 'Heidotting', NULL, NULL, NULL, NULL, NULL, NULL, 1, 'djfc.patrick', NULL, NULL, NULL);

--changeset Patrick Heidotting:107
UPDATE `GEBRUIKER` SET `VOORNAAM` = 'Patrick', `ACHTERNAAM` = 'Heidotting' WHERE `ACHTERNAAM` = 'Patrick' AND `VOORNAAM` = 'Heidotting';
UPDATE `GEBRUIKER` SET `VOORNAAM` = 'Lisa', `ACHTERNAAM` = 'Wolken' WHERE `ACHTERNAAM` = 'Lisa' AND `VOORNAAM` = 'Wolken';
UPDATE `GEBRUIKER` SET `VOORNAAM` = 'Rianne', `ACHTERNAAM` = 'Sollie' WHERE `ACHTERNAAM` = 'Rianne' AND `VOORNAAM` = 'Sollie';

--changeset Patrick Heidotting:108
ALTER TABLE `GEBRUIKER` ADD COLUMN MOETWACHTWOORDUPDATEN tinyint(1) NOT NULL DEFAULT '1' AFTER `OAUTHTODOIST`;
ALTER TABLE `GEBRUIKER` ADD COLUMN WACHTWOORDLAATSTGEWIJZIGD datetime AFTER `MOETWACHTWOORDUPDATEN`;

--changeset Patrick Heidotting:109
ALTER TABLE `GEBRUIKER_AUD` ADD COLUMN `OAUTHTODOIST` VARCHAR(50);
ALTER TABLE `GEBRUIKER_AUD` ADD COLUMN MOETWACHTWOORDUPDATEN tinyint(1) NOT NULL DEFAULT '1' AFTER `OAUTHTODOIST`;
ALTER TABLE `GEBRUIKER_AUD` ADD COLUMN WACHTWOORDLAATSTGEWIJZIGD datetime AFTER `MOETWACHTWOORDUPDATEN`;

--changeset Patrick Heidotting:110
ALTER TABLE  `GEBRUIKER_AUD` CHANGE  `MOETWACHTWOORDUPDATEN`  `MOETWACHTWOORDUPDATEN` tinyint(1) NULL DEFAULT NULL;

--changeset Patrick Heidotting:111
UPDATE `GEBRUIKER` SET `EMAILADRES` = 'lisa@dejongefinancieelconsult.nl' WHERE `ACHTERNAAM` = 'Wolken' AND `VOORNAAM` = 'Lisa';
UPDATE `GEBRUIKER` SET `EMAILADRES` = 'rianne@dejongefinancieelconsult.nl' WHERE `ACHTERNAAM` = 'Sollie' AND `VOORNAAM` = 'Rianne';

--changeset Patrick Heidotting:112
CREATE TABLE `INLOGPOGING` (
  `ID` bigint(20) NOT NULL AUTO_INCREMENT,
  `GEBRUIKERID` bigint(20) NOT NULL,
  `TIJDSTIP` datetime NOT NULL,
  `GELUKT` tinyint(1) NOT NULL,
  `IPADRES` varchar(30) NULL,
  PRIMARY KEY (`ID`)
) ENGINE=MyISAM  DEFAULT CHARSET=latin1 AUTO_INCREMENT=1 ;

--changeset Patrick Heidotting:113
ALTER TABLE `INLOGPOGING` ADD COLUMN `ADRES` VARCHAR(150);
ALTER TABLE `INLOGPOGING` ADD COLUMN `LATITUDE` DOUBLE;
ALTER TABLE `INLOGPOGING` ADD COLUMN `LONGITUDE` DOUBLE;

--changeset Patrick Heidotting:114
ALTER TABLE `GEBRUIKER` ADD COLUMN `GELOCKEDTOT` datetime NULL;

--changeset Patrick Heidotting:115
ALTER TABLE `GEBRUIKER_AUD` ADD COLUMN `GELOCKEDTOT` datetime NULL;

--changeset Patrick Heidotting:116
DROP TABLE `AANGIFTE`;
DROP TABLE `JAARCIJFERS`;
DROP TABLE `RISICOANALYSE`;

--changeset Patrick Heidotting:117
CREATE TABLE `BELASTINGZAKEN` (
  `ID` bigint(20) NOT NULL AUTO_INCREMENT,
  `SOORTENTITEIT` varchar(50) NOT NULL,
  `ENTITEITID` bigint(20) NOT NULL,
  `JAAR` varchar(4) NOT NULL,
  `SOORT` varchar(20) NOT NULL,
  PRIMARY KEY (`ID`)
) ENGINE=MyISAM  DEFAULT CHARSET=latin1 AUTO_INCREMENT=1 ;

--changeset Patrick Heidotting:118
CREATE TABLE `VERSIES` (
  `ID` bigint(20) NOT NULL AUTO_INCREMENT,
  `VERSIE` varchar(15) NOT NULL,
  `RELEASENOTES` text NOT NULL,
  PRIMARY KEY (`ID`)
) ENGINE=MyISAM  DEFAULT CHARSET=latin1 AUTO_INCREMENT=1 ;

--changeset Patrick Heidotting:119
CREATE TABLE `VERSIEGELEZEN` (
  `ID` bigint(20) NOT NULL AUTO_INCREMENT,
  `VERSIEID` bigint(20) NOT NULL,
  `GEBRUIKERID` bigint(20) NOT NULL,
  PRIMARY KEY (`ID`)
) ENGINE=MyISAM  DEFAULT CHARSET=latin1 AUTO_INCREMENT=1 ;

--changeset Patrick Heidotting:120
ALTER TABLE `BEDRIJF` ADD COLUMN `KANTOOR` bigint(20) NOT NULL;
ALTER TABLE `BEDRIJF_AUD` ADD COLUMN `KANTOOR` bigint(20) NULL;
ALTER TABLE `BEDRIJF` DROP COLUMN `RELATIE`;
ALTER TABLE `BEDRIJF_AUD` DROP COLUMN `RELATIE`;

--changeset Patrick Heidotting:121
UPDATE `BEDRIJF` SET `KANTOOR` = 1;

--changeset Patrick Heidotting:122
CREATE TABLE `LOGIN` (
  `ID` bigint(20) NOT NULL AUTO_INCREMENT,
  `TOKEN` text NULL,
  `GEBRUIKERID` bigint(20) NOT NULL,
  `EXPIREDATUM` datetime NOT NULL,
  PRIMARY KEY (`ID`)
) ENGINE=MyISAM  DEFAULT CHARSET=latin1 AUTO_INCREMENT=1 ;
